<?xml version="1.0" encoding="UTF-8"?>
<project-private xmlns="http://www.netbeans.org/ns/project-private/1">
    <editor-bookmarks xmlns="http://www.netbeans.org/ns/editor-bookmarks/2" lastBookmarkId="0"/>
    <open-files xmlns="http://www.netbeans.org/ns/projectui-open-files/2">
        <group>
            <file>file:/C:/Users/HP/Documents/NetBeansProjects/MyBankSystem/src/mybanksystem/Transactions.java</file>
            <file>file:/C:/Users/HP/Documents/NetBeansProjects/MyBankSystem/src/mybanksystem/Pin.java</file>
            <file>file:/C:/Users/HP/Documents/NetBeansProjects/MyBankSystem/src/mybanksystem/AdminPanel.java</file>
            <file>file:/C:/Users/HP/Documents/NetBeansProjects/MyBankSystem/src/mybanksystem/Login.java</file>
            <file>file:/C:/Users/HP/Documents/NetBeansProjects/MyBankSystem/src/mybanksystem/SignupOne.java</file>
            <file>file:/C:/Users/HP/Documents/NetBeansProjects/MyBankSystem/src/mybanksystem/Practice.java</file>
            <file>file:/C:/Users/HP/Documents/NetBeansProjects/MyBankSystem/src/mybanksystem/FastCash.java</file>
            <file>file:/C:/Users/HP/Documents/NetBeansProjects/MyBankSystem/src/mybanksystem/SignupTwo.java</file>
            <file>file:/C:/Users/HP/Documents/NetBeansProjects/MyBankSystem/src/mybanksystem/DeleteUserGUI.java</file>
            <file>file:/C:/Users/HP/Documents/NetBeansProjects/MyBankSystem/src/mybanksystem/MiniStatement.java</file>
            <file>file:/C:/Users/HP/Documents/NetBeansProjects/MyBankSystem/src/mybanksystem/BalanceEnquiry.java</file>
            <file>file:/C:/Users/HP/Documents/NetBeansProjects/MyBankSystem/src/mybanksystem/DeleteUser.java</file>
            <file>file:/C:/Users/HP/Documents/NetBeansProjects/MyBankSystem/src/mybanksystem/BackgroundPanel.java</file>
        </group>
    </open-files>
</project-private>
